<?xml version='1.0' encoding='UTF-8'?>
<!DOCTYPE hibernate-configuration PUBLIC
          "-//Hibernate/Hibernate Configuration DTD 3.0//EN"
          "http://hibernate.sourceforge.net/hibernate-configuration-3.0.dtd">

<!-- Generated by MyEclipse Hibernate Tools.                   -->
<hibernate-configuration>

    <session-factory>
        <property name="hbm2ddl.auto">update</property>
        <property name="dialect">org.hibernate.dialect.Oracle10gDialect</property>
        <property name="connection.driver_class">oracle.jdbc.driver.OracleDriver</property>
        <mapping class="com.cis365.week5.models.Customer"/>
        <mapping class="com.cis365.week5.models.Rep"/>
    </session-factory>

</hibernate-configuration>